USE gaming_electronics;
INSERT INTO categories(name,slug,description) VALUES ('Pre-built PCs','pre-built-pcs','Ready-to-play gaming desktops'),('Peripherals','peripherals','Competition-grade peripherals'),('Monitors','monitors','High-refresh gaming displays');
INSERT INTO users(first_name,last_name,email,password_hash,role) VALUES ('Admin','ECO','admin@ecogaming.test','$2b$10$replace_this_with_a_real_bcrypt_hash','admin'),('Maya','Chen','maya@example.test','$2b$10$replace_this_with_a_real_bcrypt_hash','customer'),('Adam','Nouri','adam@example.test','$2b$10$replace_this_with_a_real_bcrypt_hash','customer'),('Lina','Farah','lina@example.test','$2b$10$replace_this_with_a_real_bcrypt_hash','customer');
INSERT INTO products(category_id,sku,name,slug,short_description,description,brand,price,discount_price,stock,average_rating,review_count,is_featured) VALUES
(1,'ECO-PC-AEGIS-APEX-V1','Aegis Apex v1','aegis-apex-v1','Flagship 1440p / 4K custom gaming PC.','Ryzen 7 7800X3D and RTX 4080 SUPER inside a dual-chamber panoramic ARGB chassis.','ECO Forge',3199.99,2999.99,12,4.80,2,TRUE),
(2,'ECO-KB-VORTEX-RF','Vortex RapidFire','vortex-rapidfire','Hall Effect keyboard with 8000Hz polling.','Professional magnetic-switch keyboard with per-key adjustable actuation and Rapid Trigger.','Vortex',229.99,199.99,40,4.50,2,TRUE),
(3,'ECO-MON-HORIZON-360','Horizon 360Hz','horizon-360hz','27-inch Fast-IPS esports monitor.','QHD 360Hz Fast-IPS monitor with HDR600 and G-SYNC Compatible adaptive sync.','Horizon',699.99,649.99,25,5.00,1,TRUE);
INSERT INTO product_images(product_id,image_url,alt_text,is_primary) VALUES (1,'https://images.unsplash.com/photo-1587202372775-e229f172b9d7?auto=format&fit=crop&w=1200&q=85','Aegis Apex v1 gaming PC',TRUE),(2,'https://images.unsplash.com/photo-1587829741301-dc798b83add3?auto=format&fit=crop&w=1200&q=85','Vortex RapidFire keyboard',TRUE),(3,'https://images.unsplash.com/photo-1527443224154-c4a3942d3acf?auto=format&fit=crop&w=1200&q=85','Horizon 360Hz monitor',TRUE);
INSERT INTO product_specifications(product_id,spec_key,spec_value,display_order) VALUES
(1,'Processor','AMD Ryzen 7 7800X3D — 8C/16T, up to 5.0 GHz',1),(1,'Graphics Card','NVIDIA RTX 4080 SUPER 16GB GDDR6X',2),(1,'Memory','32GB DDR5-6000 CL30',3),(1,'Storage','2TB PCIe Gen4 NVMe SSD',4),(1,'Cooling','360mm ARGB AIO with 6 PWM fans',5),(1,'Case','Dual-chamber panoramic tempered glass',6),(1,'Power Supply','850W 80+ Gold ATX 3.0',7),
(2,'Switch Technology','Hall Effect magnetic switches',1),(2,'Actuation','Adjustable 0.1mm to 4.0mm',2),(2,'Rapid Trigger','0.1mm dynamic reset',3),(2,'Polling Rate','8000Hz wired USB-C',4),(2,'Frame','CNC-machined 6063 aluminum',5),(2,'Keycaps','PBT double-shot',6),
(3,'Panel Type','27-inch Fast-IPS anti-glare',1),(3,'Resolution','2560 × 1440 QHD',2),(3,'Refresh Rate','360Hz native',3),(3,'Response Time','0.5ms GtG',4),(3,'Adaptive Sync','G-SYNC Compatible / FreeSync Premium',5),(3,'HDR','VESA DisplayHDR 600',6),(3,'Color Coverage','98% DCI-P3',7);
INSERT INTO product_customization_options(product_id,option_group,option_name,price_adjustment,is_default,display_order) VALUES (1,'RAM','32GB DDR5-6000 CL30',0,TRUE,1),(1,'RAM','64GB DDR5-6000 CL30',150,FALSE,2),(1,'Storage','2TB PCIe Gen4 NVMe SSD',0,TRUE,1),(1,'Storage','4TB PCIe Gen4 NVMe SSD',100,FALSE,2),(2,'Switch Feel','Magnetic',0,TRUE,1),(2,'Switch Feel','Linear',0,FALSE,2),(2,'Switch Feel','Tactile',0,FALSE,3);
INSERT INTO reviews(product_id,user_id,rating,title,body) VALUES (1,2,5,'Quiet and exceptionally clean','The 7800X3D and 4080 SUPER handle ultra settings effortlessly.'),(1,3,5,'A high-end plug-and-play PC','Fast boot times and excellent cable management.'),(2,4,5,'Rapid Trigger matters','The 0.1mm tuning feels fantastic in competitive FPS games.'),(2,3,4,'Excellent performance keyboard','Superb build quality; I would also like wireless.'),(3,2,5,'Outstanding motion clarity','360Hz at QHD is a huge upgrade for esports.');
